topic,tweet,sentiment

apple,I love how apple devices work seamlessly together,positive
apple,The apple phone battery lasts all day for me,positive
apple,Using an apple laptop feels smooth and fast,positive
apple,The apple ecosystem makes life easier,positive
apple,This apple device camera is amazing,positive
apple,Apple software updates improve performance,positive
apple,The apple watch tracks health accurately,positive
apple,Apple products feel premium and reliable,positive
apple,The apple app store has great apps,positive
apple,Apple design is clean and modern,positive
apple,Apple customer support solved my issue quickly,positive
apple,The apple display quality is outstanding,positive
apple,Apple devices sync perfectly with each other,positive
apple,Apple security features are very strong,positive
apple,The apple keyboard feels comfortable to type,positive
apple,Apple performance is consistent over time,positive
apple,The apple speakers sound clear and loud,positive
apple,Apple face unlock works very well,positive
apple,The apple UI is simple and intuitive,positive
apple,Apple video quality is impressive,positive

apple,The apple event was announced yesterday,neutral
apple,Apple released a new update this week,neutral
apple,Apple products are available in stores now,neutral
apple,The apple device comes in different colors,neutral
apple,Apple announced new features this year,neutral
apple,The apple price remains unchanged,neutral
apple,Apple shipping started recently,neutral
apple,The apple device weighs less than before,neutral
apple,Apple updated its software version,neutral
apple,Apple opened a new store downtown,neutral
apple,The apple model supports 5G connectivity,neutral
apple,Apple production increased this quarter,neutral
apple,The apple company reported earnings,neutral
apple,Apple launched the product globally,neutral
apple,The apple version includes small upgrades,neutral
apple,Apple inventory levels have increased,neutral
apple,Apple expanded to new markets,neutral
apple,The apple lineup looks similar this year,neutral
apple,Apple announced minor hardware changes,neutral
apple,Apple packaging has been redesigned,neutral

apple,Apple devices are getting too expensive,negative
apple,The apple battery drains quickly sometimes,negative
apple,Apple repair costs are very high,negative
apple,The apple system limits customization,negative
apple,Apple accessories cost too much,negative
apple,The apple charging speed is slow,negative
apple,Apple updates sometimes introduce bugs,negative
apple,The apple ecosystem feels restrictive,negative
apple,Apple devices overheat occasionally,negative
apple,The apple design has not changed much,negative
apple,Apple storage upgrades are overpriced,negative
apple,The apple notch design is annoying,negative
apple,Apple repair process takes too long,negative
apple,Apple products lack flexibility,negative
apple,Apple pricing discourages many users,negative
apple,Apple devices are hard to repair,negative
apple,The apple system lacks open compatibility,negative
apple,Apple support response can be slow,negative
apple,Apple updates slow down older devices,negative
apple,Apple limits third party integrations,negative

apple,Apple camera works great in low light,positive
apple,Apple performance is smooth during gaming,positive
apple,Apple apps are well optimized,positive
apple,The apple interface feels polished,positive
apple,Apple products last for years,positive
apple,Apple build quality is excellent,positive
apple,Apple ecosystem boosts productivity,positive
apple,Apple devices feel premium in hand,positive
apple,Apple sound quality is impressive,positive
apple,Apple software runs without lag,positive
apple,Apple touch response is very accurate,positive
apple,Apple design stands out from competitors,positive
apple,Apple file sharing is very easy,positive
apple,Apple devices rarely crash,positive
apple,Apple updates bring useful features,positive
apple,Apple performance remains stable,positive
apple,Apple graphics rendering is smooth,positive
apple,Apple devices are user friendly,positive
apple,Apple connectivity is reliable,positive
apple,Apple UI animations are smooth,positive

apple,Apple announced a price change recently,neutral
apple,Apple device comes with new hardware,neutral
apple,Apple updated its privacy policy,neutral
apple,Apple products are sold worldwide,neutral
apple,Apple introduced new color options,neutral
apple,Apple devices support latest standards,neutral
apple,Apple market share is growing,neutral
apple,Apple company expanded production,neutral
apple,Apple sales increased this quarter,neutral
apple,Apple introduced new chip architecture,neutral
apple,Apple shipping times improved recently,neutral
apple,Apple models vary by region,neutral
apple,Apple released beta software update,neutral
apple,Apple announced software improvements,neutral
apple,Apple device availability is limited,neutral
apple,Apple continues research and development,neutral
apple,Apple launched updated accessories,neutral
apple,Apple product lineup remains stable,neutral
apple,Apple introduced sustainability plans,neutral
apple,Apple continues to innovate gradually,neutral

cricket,I love watching cricket matches on weekends,positive
cricket,Playing cricket with friends is always fun,positive
cricket,Cricket brings people together across countries,positive
cricket,The cricket stadium atmosphere is amazing,positive
cricket,Cricket skills improve with practice,positive
cricket,Watching live cricket is very exciting,positive
cricket,Cricket commentary makes the game more interesting,positive
cricket,Cricket is my favorite sport,positive
cricket,Cricket tournaments are always thrilling,positive
cricket,Cricket players show great sportsmanship,positive
cricket,Cricket training sessions are very helpful,positive
cricket,Cricket matches keep me entertained,positive
cricket,Cricket fans are very passionate,positive
cricket,Cricket strategies make the game engaging,positive
cricket,Cricket highlights are fun to watch,positive
cricket,Cricket teams work well together,positive
cricket,Cricket improves physical fitness,positive
cricket,Cricket grounds look beautiful,positive
cricket,Cricket coaching improves performance,positive
cricket,Cricket inspires young players,positive

cricket,The cricket match starts at 5 PM,neutral
cricket,Cricket tickets are available online,neutral
cricket,Cricket players arrived at the stadium,neutral
cricket,Cricket practice session was scheduled today,neutral
cricket,Cricket series will begin next week,neutral
cricket,Cricket match was delayed due to rain,neutral
cricket,Cricket team announced the squad,neutral
cricket,Cricket tournament dates were confirmed,neutral
cricket,Cricket ground was prepared for the match,neutral
cricket,Cricket match ended in a draw,neutral
cricket,Cricket players attended a press conference,neutral
cricket,Cricket match was broadcast live,neutral
cricket,Cricket league includes multiple teams,neutral
cricket,Cricket match schedule was updated,neutral
cricket,Cricket team traveled for the series,neutral
cricket,Cricket rules remain unchanged,neutral
cricket,Cricket stadium capacity was increased,neutral
cricket,Cricket event was organized successfully,neutral
cricket,Cricket match timings were adjusted,neutral
cricket,Cricket players wore new jerseys,neutral

cricket,Cricket matches are sometimes too long,negative
cricket,Cricket ticket prices are too high,negative
cricket,Cricket matches get boring without excitement,negative
cricket,Cricket scheduling can be inconvenient,negative
cricket,Cricket injuries affect player performance,negative
cricket,Cricket matches often get delayed by rain,negative
cricket,Cricket selection decisions can be unfair,negative
cricket,Cricket team performance was disappointing,negative
cricket,Cricket umpiring decisions are sometimes wrong,negative
cricket,Cricket fans get frustrated during losses,negative
cricket,Cricket pitches can be unpredictable,negative
cricket,Cricket match delays ruin the experience,negative
cricket,Cricket controversies affect the sport,negative
cricket,Cricket management decisions can be poor,negative
cricket,Cricket players face too much pressure,negative
cricket,Cricket matches can feel slow at times,negative
cricket,Cricket weather interruptions are annoying,negative
cricket,Cricket team strategy failed badly,negative
cricket,Cricket errors cost the match,negative
cricket,Cricket performance was below expectations,negative

cricket,Cricket batting performance was outstanding,positive
cricket,Cricket bowling attack was very strong,positive
cricket,Cricket fielding was excellent today,positive
cricket,Cricket teamwork led to victory,positive
cricket,Cricket captain made smart decisions,positive
cricket,Cricket players showed great talent,positive
cricket,Cricket fans enjoyed the thrilling finish,positive
cricket,Cricket match was full of excitement,positive
cricket,Cricket score chase was शानदार,positive
cricket,Cricket partnership changed the game,positive
cricket,Cricket performance impressed everyone,positive
cricket,Cricket match had a fantastic ending,positive
cricket,Cricket players delivered their best,positive
cricket,Cricket team dominated the game,positive
cricket,Cricket skills were displayed brilliantly,positive
cricket,Cricket match kept everyone engaged,positive
cricket,Cricket energy in the stadium was high,positive
cricket,Cricket win was well deserved,positive
cricket,Cricket performance was consistent,positive
cricket,Cricket match created great memories,positive

cricket,Cricket match result was announced today,neutral
cricket,Cricket team rankings were updated,neutral
cricket,Cricket player stats were recorded,neutral
cricket,Cricket board released new guidelines,neutral
cricket,Cricket series results were published,neutral
cricket,Cricket updates were shared online,neutral
cricket,Cricket match highlights were uploaded,neutral
cricket,Cricket analysis was discussed later,neutral
cricket,Cricket team lineup was finalized,neutral
cricket,Cricket match details were confirmed,neutral
cricket,Cricket player performance was reviewed,neutral
cricket,Cricket broadcast reached many viewers,neutral
cricket,Cricket officials inspected the ground,neutral
cricket,Cricket equipment was prepared in advance,neutral
cricket,Cricket match report was released,neutral
cricket,Cricket training schedule was fixed,neutral
cricket,Cricket league structure was explained,neutral
cricket,Cricket player contracts were renewed,neutral
cricket,Cricket statistics were analyzed,neutral
cricket,Cricket event concluded successfully,neutral

movies,I love watching movies on weekends,positive
movies,Movies help me relax after a long day,positive
movies,Watching movies with friends is always fun,positive
movies,Movies with great stories are unforgettable,positive
movies,Comedy movies always make me laugh,positive
movies,Movies inspire creativity and imagination,positive
movies,Action movies are very exciting to watch,positive
movies,Movies with good music feel more engaging,positive
movies,Movies bring emotions to life,positive
movies,Watching movies in theaters is amazing,positive
movies,Movies help me learn new perspectives,positive
movies,Romantic movies are heartwarming,positive
movies,Movies based on true stories are inspiring,positive
movies,Animated movies are fun for all ages,positive
movies,Movies with strong characters are impactful,positive
movies,Movies create lasting memories,positive
movies,Thriller movies keep me on edge,positive
movies,Movies with good direction stand out,positive
movies,Movies are a great form of entertainment,positive
movies,Movies make weekends enjoyable,positive

movies,Movies are released every Friday,neutral
movies,Movies tickets can be booked online,neutral
movies,Movies are available on streaming platforms,neutral
movies,Movies are shown in multiple languages,neutral
movies,Movies run for about two hours,neutral
movies,Movies are categorized into genres,neutral
movies,Movies are produced worldwide,neutral
movies,Movies are watched by all age groups,neutral
movies,Movies are reviewed by critics,neutral
movies,Movies are released globally,neutral
movies,Movies can be downloaded legally,neutral
movies,Movies are part of entertainment industry,neutral
movies,Movies are often based on books,neutral
movies,Movies are promoted through trailers,neutral
movies,Movies are filmed in different locations,neutral
movies,Movies have background scores,neutral
movies,Movies are available in HD formats,neutral
movies,Movies have subtitles for audiences,neutral
movies,Movies are directed by filmmakers,neutral
movies,Movies are discussed on social media,neutral

movies,Some movies are too long and boring,negative
movies,Movies ticket prices are too high,negative
movies,Movies sometimes lack originality,negative
movies,Movies with weak plots feel disappointing,negative
movies,Movies can waste time if not good,negative
movies,Movies with bad acting are hard to watch,negative
movies,Movies often get overhyped,negative
movies,Movies with poor direction fail badly,negative
movies,Movies remakes are often unnecessary,negative
movies,Movies with predictable endings feel dull,negative
movies,Movies sometimes focus too much on visuals,negative
movies,Movies can be confusing without context,negative
movies,Movies with slow pacing lose interest,negative
movies,Movies sometimes ignore logic,negative
movies,Movies sequels are not always good,negative
movies,Movies can be disappointing after hype,negative
movies,Movies sometimes lack depth,negative
movies,Movies editing can ruin the experience,negative
movies,Movies scripts can feel weak,negative
movies,Movies reviews can be misleading,negative

movies,Movies with great visuals are stunning,positive
movies,Movies storytelling was excellent,positive
movies,Movies acting performances were impressive,positive
movies,Movies direction was outstanding,positive
movies,Movies soundtrack was amazing,positive
movies,Movies cinematography looked beautiful,positive
movies,Movies kept me engaged throughout,positive
movies,Movies climax was thrilling,positive
movies,Movies had a powerful message,positive
movies,Movies exceeded expectations,positive
movies,Movies were entertaining and fun,positive
movies,Movies had strong emotional impact,positive
movies,Movies were worth watching again,positive
movies,Movies had brilliant execution,positive
movies,Movies visuals were top quality,positive
movies,Movies characters were well developed,positive
movies,Movies experience was enjoyable,positive
movies,Movies had excellent pacing,positive
movies,Movies story felt unique,positive
movies,Movies delivered great performances,positive

movies,Movies release dates were announced,neutral
movies,Movies collections were reported today,neutral
movies,Movies ratings were updated online,neutral
movies,Movies streaming rights were sold,neutral
movies,Movies production started recently,neutral
movies,Movies trailers were launched,neutral
movies,Movies were screened at festivals,neutral
movies,Movies budgets were disclosed,neutral
movies,Movies box office numbers increased,neutral
movies,Movies are trending this week,neutral
movies,Movies were dubbed into languages,neutral
movies,Movies were released on OTT platforms,neutral
movies,Movies announcements were made officially,neutral
movies,Movies promotions started early,neutral
movies,Movies schedules were finalized,neutral
movies,Movies reviews were published online,neutral
movies,Movies were nominated for awards,neutral
movies,Movies screenings were organized,neutral
movies,Movies industry continues to grow,neutral
movies,Movies updates were shared recently,neutral

technology,I love how technology makes life easier,positive
technology,Technology is evolving faster than ever,positive
technology,Modern technology improves communication,positive
technology,Technology helps in solving real world problems,positive
technology,Learning technology skills is very useful,positive
technology,Technology drives innovation across industries,positive
technology,Technology makes education more accessible,positive
technology,Technology enhances productivity at work,positive
technology,Technology connects people globally,positive
technology,Technology is transforming healthcare systems,positive
technology,Technology enables smart homes and devices,positive
technology,Technology improves daily convenience,positive
technology,Technology advancements are impressive,positive
technology,Technology makes data processing faster,positive
technology,Technology helps businesses grow efficiently,positive
technology,Technology is essential in modern society,positive
technology,Technology simplifies complex tasks,positive
technology,Technology improves user experience,positive
technology,Technology brings creative ideas to life,positive
technology,Technology boosts economic growth,positive

technology,Technology is used in many industries,neutral
technology,Technology changes rapidly over time,neutral
technology,Technology is part of everyday life,neutral
technology,Technology companies release updates frequently,neutral
technology,Technology devices come in various forms,neutral
technology,Technology trends are discussed widely,neutral
technology,Technology impacts global markets,neutral
technology,Technology tools are widely available,neutral
technology,Technology systems require maintenance,neutral
technology,Technology adoption is increasing worldwide,neutral
technology,Technology research continues to expand,neutral
technology,Technology is taught in schools,neutral
technology,Technology includes hardware and software,neutral
technology,Technology evolves with new innovations,neutral
technology,Technology platforms are widely used,neutral
technology,Technology policies are updated regularly,neutral
technology,Technology solutions vary by industry,neutral
technology,Technology affects communication methods,neutral
technology,Technology supports remote work systems,neutral
technology,Technology plays a role in automation,neutral

technology,Technology can sometimes be overwhelming,negative
technology,Technology failures cause major issues,negative
technology,Technology dependency is increasing too much,negative
technology,Technology can reduce human interaction,negative
technology,Technology systems are vulnerable to hacking,negative
technology,Technology costs can be very high,negative
technology,Technology changes too quickly for some users,negative
technology,Technology bugs can be frustrating,negative
technology,Technology sometimes creates privacy concerns,negative
technology,Technology misuse leads to problems,negative
technology,Technology addiction affects productivity,negative
technology,Technology updates can break systems,negative
technology,Technology can be difficult to learn,negative
technology,Technology may replace human jobs,negative
technology,Technology security risks are growing,negative
technology,Technology glitches disrupt workflows,negative
technology,Technology issues delay projects,negative
technology,Technology errors can cause data loss,negative
technology,Technology reliance can be risky,negative
technology,Technology problems can be costly,negative

technology,Technology innovation is inspiring,positive
technology,Technology improves digital experiences,positive
technology,Technology supports smart solutions,positive
technology,Technology makes processes efficient,positive
technology,Technology advancements are beneficial,positive
technology,Technology enhances connectivity,positive
technology,Technology enables faster communication,positive
technology,Technology empowers individuals,positive
technology,Technology helps in automation tasks,positive
technology,Technology improves system performance,positive
technology,Technology provides better tools,positive
technology,Technology increases efficiency in industries,positive
technology,Technology supports creativity and design,positive
technology,Technology improves accuracy in tasks,positive
technology,Technology enables global collaboration,positive
technology,Technology drives digital transformation,positive
technology,Technology creates new opportunities,positive
technology,Technology improves business operations,positive
technology,Technology enhances learning experiences,positive
technology,Technology brings innovation daily,positive

technology,Technology updates were announced recently,neutral
technology,Technology companies launched new products,neutral
technology,Technology conferences were held this year,neutral
technology,Technology investments are increasing,neutral
technology,Technology services are expanding globally,neutral
technology,Technology solutions are being tested,neutral
technology,Technology reports were published online,neutral
technology,Technology usage statistics were released,neutral
technology,Technology development continues steadily,neutral
technology,Technology announcements were made officially,neutral
technology,Technology tools are updated frequently,neutral
technology,Technology adoption varies by region,neutral
technology,Technology standards are evolving,neutral
technology,Technology research papers were published,neutral
technology,Technology projects are in progress,neutral
technology,Technology data is analyzed regularly,neutral
technology,Technology systems are upgraded often,neutral
technology,Technology initiatives were introduced,neutral
technology,Technology trends are monitored closely,neutral
technology,Technology continues to shape the future,neutral

sports,I love watching sports with my friends,positive
sports,Playing sports keeps me active and healthy,positive
sports,Sports events bring excitement and joy,positive
sports,Sports help build teamwork and discipline,positive
sports,Sports improve physical fitness,positive
sports,Sports competitions are always thrilling,positive
sports,Sports inspire young athletes,positive
sports,Sports training improves performance,positive
sports,Sports create unforgettable memories,positive
sports,Sports fans are very passionate,positive
sports,Sports teach valuable life lessons,positive
sports,Sports activities reduce stress,positive
sports,Sports bring communities together,positive
sports,Sports develop confidence and skills,positive
sports,Sports matches are fun to watch,positive
sports,Sports encourage a healthy lifestyle,positive
sports,Sports participation boosts energy,positive
sports,Sports events are entertaining,positive
sports,Sports culture is vibrant and exciting,positive
sports,Sports motivate people to stay fit,positive

sports,Sports events are scheduled regularly,neutral
sports,Sports tickets are available online,neutral
sports,Sports are played worldwide,neutral
sports,Sports leagues include many teams,neutral
sports,Sports matches are broadcast live,neutral
sports,Sports players follow strict training routines,neutral
sports,Sports equipment varies by game,neutral
sports,Sports tournaments are organized annually,neutral
sports,Sports rules differ for each game,neutral
sports,Sports facilities are maintained properly,neutral
sports,Sports coverage is shown on television,neutral
sports,Sports players attend press conferences,neutral
sports,Sports organizations manage events,neutral
sports,Sports schedules are updated frequently,neutral
sports,Sports teams travel for competitions,neutral
sports,Sports statistics are recorded regularly,neutral
sports,Sports venues host large audiences,neutral
sports,Sports seasons occur throughout the year,neutral
sports,Sports events attract global attention,neutral
sports,Sports programs are conducted in schools,neutral

sports,Sports injuries can be serious,negative
sports,Sports tickets are too expensive,negative
sports,Sports matches sometimes get boring,negative
sports,Sports scheduling can be inconvenient,negative
sports,Sports controversies affect reputation,negative
sports,Sports performance was disappointing,negative
sports,Sports teams sometimes underperform,negative
sports,Sports decisions by officials can be unfair,negative
sports,Sports matches get delayed due to weather,negative
sports,Sports pressure affects players mentally,negative
sports,Sports training can be exhausting,negative
sports,Sports losses can be frustrating,negative
sports,Sports management decisions can be poor,negative
sports,Sports facilities may lack quality,negative
sports,Sports injuries affect careers,negative
sports,Sports events can be overcrowded,negative
sports,Sports performance dropped unexpectedly,negative
sports,Sports errors cost the team,negative
sports,Sports matches can feel slow,negative
sports,Sports experience can be disappointing,negative

sports,Sports performance was outstanding today,positive
sports,Sports teamwork led to victory,positive
sports,Sports players showed great talent,positive
sports,Sports match was very exciting,positive
sports,Sports fans enjoyed the thrilling game,positive
sports,Sports strategy worked perfectly,positive
sports,Sports players delivered excellent performance,positive
sports,Sports event was well organized,positive
sports,Sports competition was intense and fun,positive
sports,Sports energy in the stadium was high,positive
sports,Sports victory was well deserved,positive
sports,Sports players gave their best effort,positive
sports,Sports match created great excitement,positive
sports,Sports performance impressed everyone,positive
sports,Sports experience was enjoyable,positive
sports,Sports match had a fantastic finish,positive
sports,Sports fans celebrated the win,positive
sports,Sports skills were displayed brilliantly,positive
sports,Sports game kept everyone engaged,positive
sports,Sports event created lasting memories,positive

sports,Sports results were announced today,neutral
sports,Sports rankings were updated recently,neutral
sports,Sports player stats were recorded,neutral
sports,Sports board released new guidelines,neutral
sports,Sports league results were published,neutral
sports,Sports updates were shared online,neutral
sports,Sports highlights were uploaded,neutral
sports,Sports analysis was discussed later,neutral
sports,Sports team lineup was finalized,neutral
sports,Sports match details were confirmed,neutral
sports,Sports player performance was reviewed,neutral
sports,Sports broadcast reached many viewers,neutral
sports,Sports officials inspected the venue,neutral
sports,Sports equipment was prepared in advance,neutral
sports,Sports match report was released,neutral
sports,Sports training schedule was fixed,neutral
sports,Sports league structure was explained,neutral
sports,Sports player contracts were renewed,neutral
sports,Sports statistics were analyzed,neutral
sports,Sports event concluded successfully,neutral

education,I believe education shapes a better future,positive
education,Education helps people grow intellectually,positive
education,Quality education opens many opportunities,positive
education,Education empowers individuals,positive
education,Education improves critical thinking skills,positive
education,Education is the key to success,positive
education,Education builds confidence and knowledge,positive
education,Education plays a vital role in society,positive
education,Education helps achieve career goals,positive
education,Education promotes innovation and creativity,positive
education,Education creates awareness among people,positive
education,Education strengthens problem solving skills,positive
education,Education helps in personal development,positive
education,Education supports lifelong learning,positive
education,Education brings positive social change,positive
education,Education improves communication skills,positive
education,Education encourages curiosity and learning,positive
education,Education provides better job opportunities,positive
education,Education is essential for development,positive
education,Education improves decision making ability,positive

education,Education systems vary across countries,neutral
education,Education policies are updated regularly,neutral
education,Education is provided through schools and colleges,neutral
education,Education includes different subjects and courses,neutral
education,Education programs are conducted online,neutral
education,Education institutions follow structured curriculum,neutral
education,Education statistics were published recently,neutral
education,Education resources are available digitally,neutral
education,Education methods are evolving over time,neutral
education,Education departments released new guidelines,neutral
education,Education platforms are widely used,neutral
education,Education involves theoretical and practical learning,neutral
education,Education is accessible through various mediums,neutral
education,Education tools support learning processes,neutral
education,Education initiatives are launched globally,neutral
education,Education reforms are discussed frequently,neutral
education,Education systems require continuous improvement,neutral
education,Education content is updated regularly,neutral
education,Education programs differ by region,neutral
education,Education institutions conduct examinations,neutral

education,Education costs are increasing rapidly,negative
education,Education systems sometimes lack quality,negative
education,Education pressure affects students mentally,negative
education,Education can be stressful for many students,negative
education,Education inequality is still a major issue,negative
education,Education loans create financial burden,negative
education,Education methods can feel outdated,negative
education,Education access is limited in some areas,negative
education,Education exams cause anxiety,negative
education,Education policies can be inconsistent,negative
education,Education infrastructure needs improvement,negative
education,Education systems may lack practical learning,negative
education,Education competition can be overwhelming,negative
education,Education reforms take too long to implement,negative
education,Education resources are not equally distributed,negative
education,Education quality varies significantly,negative
education,Education sometimes focuses too much on theory,negative
education,Education gaps affect student performance,negative
education,Education systems can be rigid,negative
education,Education challenges remain unresolved,negative

education,Education motivates students to achieve more,positive
education,Education enhances knowledge and skills,positive
education,Education improves career prospects,positive
education,Education fosters creativity and innovation,positive
education,Education helps build a strong foundation,positive
education,Education enables better understanding of subjects,positive
education,Education develops analytical thinking,positive
education,Education supports academic excellence,positive
education,Education prepares students for the future,positive
education,Education improves learning abilities,positive
education,Education builds discipline and responsibility,positive
education,Education encourages lifelong growth,positive
education,Education strengthens intellectual abilities,positive
education,Education improves social awareness,positive
education,Education contributes to economic growth,positive
education,Education develops leadership qualities,positive
education,Education enhances overall development,positive
education,Education increases opportunities globally,positive
education,Education improves problem solving ability,positive
education,Education plays a crucial role in success,positive

education,Education updates were announced recently,neutral
education,Education institutions reopened this week,neutral
education,Education exams were scheduled today,neutral
education,Education boards released results online,neutral
education,Education programs were launched recently,neutral
education,Education courses are available online,neutral
education,Education reports were published officially,neutral
education,Education trends are changing gradually,neutral
education,Education departments made new announcements,neutral
education,Education workshops were conducted,neutral
education,Education seminars were organized recently,neutral
education,Education guidelines were updated,neutral
education,Education data was analyzed recently,neutral
education,Education research continues to grow,neutral
education,Education programs are expanding globally,neutral
education,Education initiatives were introduced,neutral
education,Education systems are being reviewed,neutral
education,Education content is being revised,neutral
education,Education activities were planned recently,neutral
education,Education continues to evolve with time,neutral

ai,I love how ai is transforming everyday life,positive
ai,ai is making tasks faster and more efficient,positive
ai,ai helps automate repetitive work,positive
ai,ai is improving healthcare systems,positive
ai,ai makes data analysis much easier,positive
ai,ai is revolutionizing many industries,positive
ai,ai enhances productivity at work,positive
ai,ai tools are very useful for developers,positive
ai,ai improves decision making processes,positive
ai,ai is shaping the future of technology,positive
ai,ai helps in solving complex problems,positive
ai,ai is making education more accessible,positive
ai,ai systems are becoming more intelligent,positive
ai,ai innovations are impressive,positive
ai,ai supports smart applications,positive
ai,ai increases efficiency in businesses,positive
ai,ai improves customer experiences,positive
ai,ai is widely used in modern solutions,positive
ai,ai enables better predictions,positive
ai,ai is a powerful technological advancement,positive

ai,ai is used in many industries today,neutral
ai,ai systems require large datasets,neutral
ai,ai models are trained using data,neutral
ai,ai applications are growing rapidly,neutral
ai,ai technology is evolving continuously,neutral
ai,ai tools are widely available,neutral
ai,ai platforms support automation,neutral
ai,ai research is expanding globally,neutral
ai,ai is integrated into many services,neutral
ai,ai adoption is increasing worldwide,neutral
ai,ai systems depend on algorithms,neutral
ai,ai models require computational power,neutral
ai,ai solutions vary across domains,neutral
ai,ai tools are used in businesses,neutral
ai,ai is part of digital transformation,neutral
ai,ai technologies are being developed actively,neutral
ai,ai impacts multiple sectors,neutral
ai,ai frameworks are used for development,neutral
ai,ai systems are tested regularly,neutral
ai,ai continues to grow steadily,neutral

ai,ai can sometimes produce incorrect results,negative
ai,ai raises concerns about privacy,negative
ai,ai systems can be biased,negative
ai,ai may replace some jobs,negative
ai,ai errors can lead to problems,negative
ai,ai technology can be misused,negative
ai,ai systems lack full transparency,negative
ai,ai requires high computational resources,negative
ai,ai development can be costly,negative
ai,ai decisions are not always explainable,negative
ai,ai models may overfit data,negative
ai,ai systems can fail unexpectedly,negative
ai,ai security risks are increasing,negative
ai,ai dependence can be risky,negative
ai,ai results can be unreliable sometimes,negative
ai,ai lacks human judgment,negative
ai,ai tools can be complex to use,negative
ai,ai requires continuous monitoring,negative
ai,ai adoption can be challenging,negative
ai,ai mistakes can have serious impact,negative

ai,ai improves automation efficiency,positive
ai,ai enhances digital experiences,positive
ai,ai enables smarter solutions,positive
ai,ai improves accuracy in tasks,positive
ai,ai helps businesses scale quickly,positive
ai,ai supports innovation across fields,positive
ai,ai tools simplify workflows,positive
ai,ai improves system performance,positive
ai,ai enables better insights,positive
ai,ai contributes to economic growth,positive
ai,ai helps in predictive analysis,positive
ai,ai drives technological advancements,positive
ai,ai supports intelligent systems,positive
ai,ai improves user experience,positive
ai,ai creates new opportunities,positive
ai,ai enhances productivity levels,positive
ai,ai accelerates research and development,positive
ai,ai helps optimize processes,positive
ai,ai powers modern applications,positive
ai,ai continues to innovate daily,positive

ai,ai updates were announced recently,neutral
ai,ai tools were released this week,neutral
ai,ai research papers were published,neutral
ai,ai systems were updated regularly,neutral
ai,ai projects are under development,neutral
ai,ai conferences were held recently,neutral
ai,ai reports were shared online,neutral
ai,ai statistics were analyzed recently,neutral
ai,ai platforms were improved recently,neutral
ai,ai announcements were made officially,neutral
ai,ai adoption rates were reported,neutral
ai,ai systems are being upgraded,neutral
ai,ai features were introduced recently,neutral
ai,ai tools are evolving continuously,neutral
ai,ai usage is increasing globally,neutral
ai,ai initiatives were launched recently,neutral
ai,ai development continues steadily,neutral
ai,ai models are being improved,neutral
ai,ai technologies are advancing rapidly,neutral
ai,ai continues to shape the future,neutral

politics,I follow politics to stay informed about the world,positive
politics,Politics plays an important role in society,positive
politics,Understanding politics helps make better decisions,positive
politics,Politics encourages civic participation,positive
politics,Politics shapes the future of a nation,positive
politics,Politics discussions can be very insightful,positive
politics,Politics helps people understand governance,positive
politics,Politics awareness is important for citizens,positive
politics,Politics debates improve critical thinking,positive
politics,Politics influences economic policies,positive
politics,Politics helps bring social change,positive
politics,Politics motivates people to vote,positive
politics,Politics education is essential,positive
politics,Politics encourages leadership skills,positive
politics,Politics connects people to public issues,positive
politics,Politics plays a key role in democracy,positive
politics,Politics awareness leads to better governance,positive
politics,Politics discussions promote awareness,positive
politics,Politics impacts everyday life,positive
politics,Politics helps shape public opinion,positive

politics,Politics news is reported daily,neutral
politics,Politics discussions happen on many platforms,neutral
politics,Politics involves different ideologies,neutral
politics,Politics affects government decisions,neutral
politics,Politics is studied in many fields,neutral
politics,Politics includes policy making processes,neutral
politics,Politics debates are held regularly,neutral
politics,Politics events are organized worldwide,neutral
politics,Politics coverage appears in media,neutral
politics,Politics influences international relations,neutral
politics,Politics involves elections and campaigns,neutral
politics,Politics leaders address public concerns,neutral
politics,Politics systems vary across countries,neutral
politics,Politics discussions can be complex,neutral
politics,Politics plays a role in legislation,neutral
politics,Politics affects public policies,neutral
politics,Politics topics are widely discussed,neutral
politics,Politics updates are shared online,neutral
politics,Politics decisions impact economies,neutral
politics,Politics remains an important subject,neutral

politics,Politics can sometimes be divisive,negative
politics,Politics debates often lead to arguments,negative
politics,Politics decisions can be controversial,negative
politics,Politics corruption affects trust,negative
politics,Politics conflicts create instability,negative
politics,Politics discussions can become toxic,negative
politics,Politics issues are often complicated,negative
politics,Politics leaders sometimes fail expectations,negative
politics,Politics misinformation spreads easily,negative
politics,Politics can create social divisions,negative
politics,Politics controversies damage reputation,negative
politics,Politics decisions may lack transparency,negative
politics,Politics disagreements cause conflicts,negative
politics,Politics influence can be misused,negative
politics,Politics instability affects growth,negative
politics,Politics promises are not always fulfilled,negative
politics,Politics tension affects society,negative
politics,Politics systems may face challenges,negative
politics,Politics criticism is often strong,negative
politics,Politics debates can be exhausting,negative

politics,Politics reforms can improve governance,positive
politics,Politics participation strengthens democracy,positive
politics,Politics awareness empowers citizens,positive
politics,Politics leadership can inspire change,positive
politics,Politics engagement encourages responsibility,positive
politics,Politics transparency builds trust,positive
politics,Politics initiatives can benefit society,positive
politics,Politics policies can drive development,positive
politics,Politics discussions promote knowledge,positive
politics,Politics systems can evolve positively,positive
politics,Politics accountability improves governance,positive
politics,Politics decisions can bring progress,positive
politics,Politics involvement increases awareness,positive
politics,Politics improvements support growth,positive
politics,Politics unity strengthens communities,positive
politics,Politics dialogue encourages understanding,positive
politics,Politics collaboration leads to better outcomes,positive
politics,Politics leadership can guide nations,positive
politics,Politics engagement builds informed citizens,positive
politics,Politics actions can create positive impact,positive

politics,Politics updates were announced recently,neutral
politics,Politics events were organized this week,neutral
politics,Politics reports were published online,neutral
politics,Politics campaigns were launched recently,neutral
politics,Politics discussions were held publicly,neutral
politics,Politics meetings were conducted,neutral
politics,Politics news was shared across media,neutral
politics,Politics statistics were analyzed,neutral
politics,Politics announcements were made officially,neutral
politics,Politics policies were reviewed,neutral
politics,Politics initiatives were introduced,neutral
politics,Politics developments were reported,neutral
politics,Politics conferences were held,neutral
politics,Politics trends are being monitored,neutral
politics,Politics programs were conducted,neutral
politics,Politics updates continue regularly,neutral
politics,Politics changes were implemented,neutral
politics,Politics discussions continue globally,neutral
politics,Politics systems are being evaluated,neutral
politics,Politics continues to shape society,neutral

exams,I am well prepared for my exams this time,positive
exams,Exams motivate me to study harder,positive
exams,Exams help test my knowledge,positive
exams,Exams push students to perform better,positive
exams,Exams improve focus and discipline,positive
exams,Exams give a sense of achievement,positive
exams,Exams help identify strengths and weaknesses,positive
exams,Exams encourage consistent learning,positive
exams,Exams are important for academic growth,positive
exams,Exams boost confidence when done well,positive
exams,Exams preparation makes me more organized,positive
exams,Exams results reflect hard work,positive
exams,Exams help build time management skills,positive
exams,Exams improve problem solving ability,positive
exams,Exams make learning meaningful,positive
exams,Exams create a goal to achieve,positive
exams,Exams help measure progress,positive
exams,Exams motivate better performance,positive
exams,Exams encourage revision and practice,positive
exams,Exams help students stay focused,positive

exams,Exams are scheduled next week,neutral
exams,Exams timetable was released today,neutral
exams,Exams will be conducted in classrooms,neutral
exams,Exams results will be announced soon,neutral
exams,Exams are part of academic systems,neutral
exams,Exams are conducted every semester,neutral
exams,Exams require proper preparation,neutral
exams,Exams include multiple subjects,neutral
exams,Exams guidelines were shared recently,neutral
exams,Exams are evaluated by teachers,neutral
exams,Exams papers are checked carefully,neutral
exams,Exams formats may vary,neutral
exams,Exams include theory and practical sections,neutral
exams,Exams centers are assigned to students,neutral
exams,Exams dates were confirmed officially,neutral
exams,Exams are conducted under supervision,neutral
exams,Exams results are published online,neutral
exams,Exams policies are updated regularly,neutral
exams,Exams schedules can change sometimes,neutral
exams,Exams instructions must be followed,neutral

exams,Exams make me feel stressed,negative
exams,Exams pressure affects my sleep,negative
exams,Exams can be very exhausting,negative
exams,Exams anxiety is difficult to handle,negative
exams,Exams preparation feels overwhelming,negative
exams,Exams results sometimes disappoint,negative
exams,Exams competition is very high,negative
exams,Exams cause nervousness,negative
exams,Exams can impact mental health,negative
exams,Exams require too much memorization,negative
exams,Exams create unnecessary pressure,negative
exams,Exams are stressful for students,negative
exams,Exams fear affects performance,negative
exams,Exams can be unfair sometimes,negative
exams,Exams preparation takes too much time,negative
exams,Exams mistakes cost marks,negative
exams,Exams results can be frustrating,negative
exams,Exams system has many flaws,negative
exams,Exams tension is hard to manage,negative
exams,Exams workload is very heavy,negative

exams,Exams went very well for me,positive
exams,Exams performance improved this time,positive
exams,Exams results made me happy,positive
exams,Exams preparation paid off,positive
exams,Exams success feels rewarding,positive
exams,Exams gave me confidence,positive
exams,Exams helped me learn better,positive
exams,Exams results were excellent,positive
exams,Exams experience was positive overall,positive
exams,Exams outcomes were satisfying,positive
exams,Exams performance exceeded expectations,positive
exams,Exams practice improved my skills,positive
exams,Exams results showed improvement,positive
exams,Exams made me more confident,positive
exams,Exams preparation was effective,positive
exams,Exams helped me achieve my goals,positive
exams,Exams gave me a sense of accomplishment,positive
exams,Exams improved my understanding,positive
exams,Exams success motivated me,positive
exams,Exams were handled confidently,positive

exams,Exams results were declared today,neutral
exams,Exams answer sheets were evaluated,neutral
exams,Exams marks were uploaded online,neutral
exams,Exams notifications were released,neutral
exams,Exams procedures were followed strictly,neutral
exams,Exams reports were shared recently,neutral
exams,Exams updates were announced officially,neutral
exams,Exams records were maintained properly,neutral
exams,Exams evaluation process was completed,neutral
exams,Exams attendance was recorded,neutral
exams,Exams data was analyzed,neutral
exams,Exams schedules were adjusted,neutral
exams,Exams formats were revised,neutral
exams,Exams systems were updated,neutral
exams,Exams arrangements were organized,neutral
exams,Exams guidelines were followed,neutral
exams,Exams monitoring was conducted,neutral
exams,Exams results were verified,neutral
exams,Exams processes were reviewed,neutral
exams,Exams activities were completed,neutral

music,I love listening to music every day,positive
music,Music helps me relax after a long day,positive
music,Good music lifts my mood instantly,positive
music,Music brings joy to life,positive
music,Music helps me focus while studying,positive
music,Music is a universal language,positive
music,Music connects people emotionally,positive
music,Music makes workouts more enjoyable,positive
music,Music is a great stress reliever,positive
music,Music inspires creativity,positive
music,Music makes road trips fun,positive
music,Music has a calming effect,positive
music,Music makes me feel happy,positive
music,Music adds energy to daily life,positive
music,Music helps me sleep better,positive
music,Music improves concentration,positive
music,Music makes moments memorable,positive
music,Music expresses emotions beautifully,positive
music,Music is essential for entertainment,positive
music,Music enhances my mood,positive

music,Music is available on many platforms,neutral
music,Music genres vary widely,neutral
music,Music is played at events,neutral
music,Music is streamed online,neutral
music,Music is part of daily life,neutral
music,Music is taught in schools,neutral
music,Music concerts are held worldwide,neutral
music,Music industry is growing,neutral
music,Music is recorded in studios,neutral
music,Music can be downloaded legally,neutral
music,Music artists release new songs regularly,neutral
music,Music apps are widely used,neutral
music,Music playlists are curated by users,neutral
music,Music videos are uploaded online,neutral
music,Music is shared on social media,neutral
music,Music is performed live on stage,neutral
music,Music awards are given annually,neutral
music,Music charts rank popular songs,neutral
music,Music production involves multiple steps,neutral
music,Music is enjoyed by all age groups,neutral

music,Music can be too loud sometimes,negative
music,Music distractions affect productivity,negative
music,Music industry competition is high,negative
music,Music streaming costs are increasing,negative
music,Music quality is sometimes poor,negative
music,Music piracy affects artists,negative
music,Music noise can disturb others,negative
music,Music trends change too quickly,negative
music,Music addiction can be distracting,negative
music,Music apps sometimes crash,negative
music,Music recommendations are not always accurate,negative
music,Music events can be overcrowded,negative
music,Music equipment can be expensive,negative
music,Music downloads take time sometimes,negative
music,Music systems may fail unexpectedly,negative
music,Music subscriptions are costly,negative
music,Music playback issues can be annoying,negative
music,Music quality varies across platforms,negative
music,Music buffering ruins the experience,negative
music,Music sometimes feels repetitive,negative

music,Music performance was outstanding,positive
music,Music concert was amazing,positive
music,Music quality was excellent,positive
music,Music sound system worked perfectly,positive
music,Music event was enjoyable,positive
music,Music artists performed brilliantly,positive
music,Music experience was unforgettable,positive
music,Music made the event lively,positive
music,Music show was very entertaining,positive
music,Music performance impressed everyone,positive
music,Music arrangement was perfect,positive
music,Music energy in the concert was high,positive
music,Music delivery was flawless,positive
music,Music performance exceeded expectations,positive
music,Music experience was fantastic,positive
music,Music made the atmosphere vibrant,positive
music,Music session was engaging,positive
music,Music event created great memories,positive
music,Music rhythm was very catchy,positive
music,Music sound quality was top notch,positive

music,Music releases were announced today,neutral
music,Music albums were launched recently,neutral
music,Music updates were shared online,neutral
music,Music charts were updated weekly,neutral
music,Music streaming data was analyzed,neutral
music,Music industry reports were published,neutral
music,Music events were organized recently,neutral
music,Music shows were scheduled,neutral
music,Music announcements were made officially,neutral
music,Music trends are monitored closely,neutral
music,Music platforms introduced new features,neutral
music,Music content is updated regularly,neutral
music,Music statistics were recorded,neutral
music,Music programs were conducted,neutral
music,Music recordings were completed,neutral
music,Music sessions were organized,neutral
music,Music activities were planned,neutral
music,Music data was reviewed,neutral
music,Music continues to evolve globally,neutral
music,Music remains a popular form of entertainment,neutral